CountryID,region_id,country_name,Income_id,GDP,Population,TotalDomesticWaste
CHN,EAS,China,UMC,16092.30078,1400050048,395081376
USA,NAC,United States,HIC,61498.37109,326687488,265224528
IND,SAS,India,LMC,6496.807617,1352617344,189750000
BRA,LCN,Brazil,UMC,14596.24609,208494896,79069584
IDN,EAS,Indonesia,LMC,10531.19824,261115456,65200000
RUS,ECS,Russian Federation,UMC,26012.84961,143201680,60000000
MEX,LCN,Mexico,UMC,19332.07422,125890952,53100000
DEU,ECS,Germany,HIC,53784.78125,83132800,50627876
JPN,EAS,Japan,HIC,41309.95703,126529104,42720000
FRA,ECS,France,HIC,46110.18359,67059888,36748820
TUR,ECS,Turkey,UMC,28289.08789,83429616,35374156
GBR,ECS,United Kingdom,HIC,46290.12109,66460344,30771140
PAK,SAS,Pakistan,LMC,4571.414551,193203472,30760000
ITA,ECS,Italy,HIC,42419.72266,60297396,30088400
NGA,SSF,Nigeria,LMC,4690.379395,154402176,27614830.07
THA,EAS,Thailand,UMC,16301.53809,68657600,26853366
CAN,NAC,Canada,HIC,47672.07813,35544564,25103034
ESP,ECS,Spain,HIC,40985.55859,47076780,22408548
EGY,MEA,"Egypt, Arab Rep.",LMC,10301.10742,87813256,21000000
KOR,EAS,"Korea, Rep.",HIC,42105.28125,51606632,20452776
ZAF,SSF,South Africa,UMC,12666.60742,51729344,18457232
ARG,LCN,Argentina,HIC,23550.09961,42981516,17910550
IRN,MEA,"Iran, Islamic Rep.",UMC,14535.8623,80277424,17885000
SAU,MEA,Saudi Arabia,HIC,48921.23047,31557144,16125700.58
UKR,ECS,Ukraine,LMC,11534.6377,45004644,15242025
BGD,SAS,Bangladesh,LMC,3195.737061,155727056,14778497.33
PHL,EAS,Philippines,LMC,7705.04541,103320224,14631922.9
COD,SSF,"Congo, Dem. Rep.",LIC,1055.572998,78736152,14385226.02
AUS,EAS,Australia,HIC,47784.17969,23789338,13345000
IRQ,MEA,Iraq,UMC,10310.67969,36115648,13140000
MYS,EAS,Malaysia,UMC,23906.26563,30228016,12982685
POL,ECS,Poland,HIC,33221.54297,37970872,12758213
DZA,MEA,Algeria,UMC,11826.16504,40606052,12378740
COL,LCN,Colombia,UMC,12523.00684,46406648,12150120
VEN,LCN,"Venezuela, RB",UMC,14269.67383,29893080,9779093.14
VNM,EAS,Vietnam,LMC,5089.411133,86932496,9570300
TZA,SSF,Tanzania,LIC,2128.553955,49082996,9276995
NLD,ECS,Netherlands,HIC,56849.375,17332850,8805088
PER,LCN,Peru,UMC,11877.08398,30973354,8356711.13
TWN,EAS,NA,HIC,57362.92578,23434000,7336000
UGA,SSF,Uganda,LIC,1972.301758,35093648,7045049.836
MAR,MEA,Morocco,LMC,6915.103027,34318080,6852000
ETH,SSF,Ethiopia,LIC,1779.083984,99873032,6532786.97
CHL,LCN,Chile,HIC,20361.71484,16829442,6517000
CHE,ECS,Switzerland,HIC,68394.28906,8574832,6079556
HKG,EAS,"Hong Kong SAR, China",HIC,57215.96875,7305700,5679816.465
AFG,SAS,Afghanistan,LIC,2057.062256,34656032,5628525.37
ARE,MEA,United Arab Emirates,HIC,67119.13281,9770529,5617682
GRC,ECS,Greece,HIC,30465.44922,10716322,5615352.5
KEN,SSF,Kenya,LMC,3329.854492,41350152,5595099
ROU,ECS,Romania,UMC,29983.55664,19356544,5419832.5
ISR,MEA,Israel,HIC,37687.74609,8380100,5400000
CZE,ECS,Czech Republic,HIC,40836.32813,10669709,5334854.5
ECU,LCN,Ecuador,UMC,11896.37695,16144368,5297211.143
PRT,ECS,Portugal,HIC,34961.94531,10269417,5268211
AUT,ECS,Austria,HIC,56029.61328,8877067,5219715.5
DNK,ECS,Denmark,HIC,57821.19922,5818553,4910858.5
YEM,MEA,"Yemen, Rep.",LIC,8269.671875,27584212,4836820
BEL,ECS,Belgium,HIC,51914.91406,11484055,4765883
MMR,EAS,Myanmar,LMC,1093.788086,46095464,4677306.529
KAZ,ECS,Kazakhstan,UMC,22702.58008,16791424,4659740
SWE,ECS,Sweden,HIC,52608.71094,10285453,4618168.5
SYR,MEA,Syrian Arab Republic,LIC,8587.050781,20824892,4500000
CIV,SSF,Côte d’Ivoire,LMC,3660.902832,20401332,4440814.27
RWA,SSF,Rwanda,LIC,1950.528076,11917508,4384969
BLR,ECS,Belarus,UMC,18307.51953,9489616,4280000
AGO,SSF,Angola,LMC,8036.69043,25096150,4213643.585
PRI,LCN,Puerto Rico,HIC,34311.03125,3473181,4170953
NOR,ECS,Norway,HIC,64962.26172,5347896,4149967.25
DOM,LCN,Dominican Republic,UMC,15328.35254,10528394,4063910
UZB,ECS,Uzbekistan,LMC,5164.274414,29774500,4000000
MDA,ECS,Moldova,LMC,10360.83008,3554108,3981200
HUN,ECS,Hungary,HIC,32643.49023,9769949,3780970.25
MDG,SSF,Madagascar,LIC,1565.866943,24894552,3768759.16
GHA,SSF,Ghana,LMC,3092.596924,21542008,3538274.978
NZL,EAS,New Zealand,HIC,41857.47656,4692700,3405000
CMR,SSF,Cameroon,LMC,3262.763672,21655716,3270616.59
FIN,ECS,Finland,HIC,48814.30859,5520314,3124497.75
AZE,ECS,Azerbaijan,UMC,14853.91016,9649341,2930349
IRL,ECS,Ireland,HIC,83388.71875,4867316,2910655
MNG,EAS,Mongolia,LMC,10940.41504,3027398,2900000
BGR,ECS,Bulgaria,UMC,22279.36133,7025037,2859190
SDN,SSF,Sudan,LMC,4191.823242,38647804,2831291
GTM,LCN,Guatemala,UMC,8125.364746,16252429,2756740.971
TUN,MEA,Tunisia,LMC,10505.2627,11143908,2700000
CUB,LCN,Cuba,UMC,12984.71094,11303687,2692691.98
SSD,SSF,South Sudan,LIC,1795.991943,11177490,2680681
LKA,SAS,Sri Lanka,LMC,12287.47266,21203000,2631650
ZMB,SSF,Zambia,LMC,3201.289307,14264756,2608268
BFA,SSF,Burkina Faso,LIC,1925.331177,18110624,2575251.11
JOR,MEA,Jordan,UMC,10413.17578,8413464,2529997
MOZ,SSF,Mozambique,LIC,1217.09021,27212382,2500000
SEN,SSF,Senegal,LIC,3067.662598,15411614,2454059.25
SRB,ECS,Serbia,UMC,18351.27344,6944975,2347401.5
SOM,SSF,Somalia,LIC,1862.614136,14317996,2326099.17
HTI,LCN,Haiti,LIC,2952.618652,10847334,2309852.455
SVK,ECS,Slovak Republic,HIC,31965.76172,5454073,2296164.75
BOL,LCN,Bolivia,LMC,7984.413574,10724705,2219052
HND,LCN,Honduras,LMC,5395.61377,9112867,2162027.696
LBY,MEA,Libya,UMC,8479.946289,6193501,2147596.472
LBN,MEA,Lebanon,UMC,16966.74023,5603279,2040000
MLI,SSF,Mali,LIC,2007.80603,16006670,1937354.44
BDI,SSF,Burundi,LIC,839.7785034,6741569,1872016
SGP,EAS,Singapore,HIC,97341.46875,5703600,1870000
NER,SSF,Niger,LIC,1038.224121,8842415,1865645.67
PRY,LCN,Paraguay,UMC,11810.42773,6639119,1818501.365
HRV,ECS,Croatia,HIC,28829.35547,4067500,1810037.5
TJK,ECS,Tajikistan,LIC,2616.475586,8177809,1787400
NPL,SAS,Nepal,LIC,2902.249268,28982772,1768977.49
KWT,MEA,Kuwait,HIC,58810.30078,2998083,1750000
OMN,MEA,Oman,HIC,30535.83398,3960925,1734885.15
SLV,LCN,El Salvador,LMC,7328.713379,6164626,1648996.18
NIC,LCN,Nicaragua,LMC,4611.840332,5737723,1528816.293
PAN,LCN,Panama,HIC,28436.35938,3969249,1472262.215
CRI,LCN,Costa Rica,UMC,18168.71484,4757575,1460000
ZWE,SSF,Zimbabwe,LIC,3190.506592,12500525,1449752
PSE,MEA,West Bank and Gaza,LMC,5985.683105,4046901,1387000
TCD,SSF,Chad,LIC,1732.691284,11887202,1358850.53
LTU,ECS,Lithuania,HIC,37278.30469,2786844,1315390.375
MWI,SSF,Malawi,LIC,999.4413452,16577147,1297844.48
URY,LCN,Uruguay,HIC,20588.39258,3431552,1260139.509
BIH,ECS,Bosnia and Herzegovina,UMC,12671.00781,3535961,1248718
KGZ,ECS,Kyrgyz Republic,LMC,4805.141113,5956900,1113300
TGO,SSF,Togo,LIC,1404.132935,7228915,1109030.45
CAF,SSF,Central African Republic,LIC,822.6104736,4515392,1105983
KHM,EAS,Cambodia,LMC,3364.278809,15270790,1089000
ALB,ECS,Albania,UMC,13724.05859,2854191,1087446.75
SVN,ECS,Slovenia,HIC,39037.93359,2087946,1052324.75
JAM,LCN,Jamaica,UMC,9550.810547,2881355,1051694.575
QAT,MEA,Qatar,HIC,96261.66406,2109568,1000990.016
PNG,EAS,Papua New Guinea,LMC,3912.381104,7755785,1000000
BHR,MEA,Bahrain,HIC,47937.77734,1425171,951942.9695
LVA,ECS,Latvia,HIC,30982.17383,1912789,839714.375
GEO,ECS,Georgia,LMC,12605.13965,3717100,800000
CYP,ECS,Cyprus,HIC,39544.68359,1198575,769485.125
TTO,LCN,Trinidad and Tobago,HIC,28910.9082,1328100,727874
ERI,SSF,Eritrea,LIC,1714.552368,4474690,726957.37
BEN,SSF,Benin,LIC,2227.352295,5521763,685936.01
MKD,ECS,"Macedonia, FYR",UMC,16147.72949,2082958,626970.375
SLE,SSF,Sierra Leone,LIC,1237.630249,5439695,610222.09
GIN,SSF,Guinea,LIC,1622.776855,8132552,596911
LBR,SSF,Liberia,LIC,1333.422241,3512932,564466.7
TKM,ECS,Turkmenistan,UMC,11471.18652,5366277,500000
ARM,ECS,Armenia,UMC,11019.83887,2906220,492800
LUX,ECS,Luxembourg,HIC,114323.4063,619896,490337.75
EST,ECS,Estonia,HIC,36956.28516,1326590,489511.7188
MRT,SSF,Mauritania,LMC,4783.635742,3506288,454000
COG,SSF,"Congo, Rep.",LMC,4899.57959,2648507,451200
MUS,SSF,Mauritius,UMC,20646.93359,1263473,438000
MAC,EAS,"Macao SAR, China",HIC,117335.5859,612167,377942
LAO,EAS,Lao PDR,LMC,6543.666992,6663967,351900
MLT,MEA,Malta,HIC,43707.53906,502653,348841.1875
MNE,ECS,Montenegro,UMC,20752.62109,622227,329780.3125
XKX,ECS,Kosovo,LMC,9723.561523,1801800,319000
GNB,SSF,Guinea-Bissau,LIC,1800.068604,1770526,289514
BHS,LCN,"Bahamas, The",HIC,35400.08203,386838,264000
NAM,SSF,Namibia,UMC,6152.987305,1559983,256729
GAB,SSF,Gabon,UMC,18514.65234,1086137,238102.31
ISL,ECS,Iceland,HIC,55274.1875,343400,225270.4063
SWZ,SSF,Eswatini,LMC,8321.106445,1343098,218199.47
BRN,EAS,Brunei Darussalam,HIC,60865.98828,423196,216253.156
MDV,SAS,Maldives,UMC,17284.60938,409163,211505.78
BWA,SSF,Botswana,UMC,14126.38965,2014866,210854.4426
GNQ,SSF,Equatorial Guinea,UMC,24827.07227,1221490,198443.06
GMB,SSF,"Gambia, The",LIC,2180.855713,1311349,193440.54
FJI,EAS,Fiji,UMC,10787.68555,867086,189389.594
SLB,EAS,Solomon Islands,LMC,2596.452881,563513,179971.9644
GUY,LCN,Guyana,UMC,9812.089844,746556,179251.5
CHI,ECS,Channel Islands,HIC,46672.59375,164541,178933
BRB,LCN,Barbados,HIC,15444.74609,280601,174815.4444
PYF,EAS,French Polynesia,HIC,60955.72656,273528,147000
VIR,LCN,Virgin Islands (U.S.),HIC,30436.56445,105784,146500
GUM,EAS,Guam,HIC,59074.94141,159973,141500
CPV,SSF,Cabo Verde,LMC,6353.783203,513979,132555
DJI,MEA,Djibouti,LMC,6596.775391,746221,114997.249
BTN,SAS,Bhutan,LMC,6743.016113,686958,111314.05
NCL,EAS,New Caledonia,HIC,57330.20313,278000,108157.384
BLZ,LCN,Belize,UMC,7259.024414,359288,101378.8303
COM,SSF,Comoros,LIC,2959.540039,777424,91013
ABW,LCN,Aruba,HIC,35563.3125,103187,88132.0167
BMU,NAC,Bermuda,HIC,80982.36719,64798,82000
SUR,LCN,Suriname,UMC,16953.80273,526103,78619.79915
LCA,LCN,St. Lucia,UMC,14029.98242,177206,77616.228
LSO,SSF,Lesotho,LMC,1978.608398,1965662,73457
VUT,EAS,Vanuatu,LMC,3061.787354,270402,70225.489
TLS,EAS,Timor-Leste,LMC,3344.57373,1268671,63875
FRO,ECS,Faeroe Islands,HIC,44402.87891,48842,61000
CYM,LCN,Cayman Islands,HIC,66207.44531,59172,60000
IMN,ECS,Isle of Man,HIC,44203.62109,80759,50551
GRL,ECS,Greenland,HIC,43948.5625,56905,50000
SYC,SSF,Seychelles,HIC,23302.95313,88303,48000
MCO,ECS,Monaco,HIC,43711.80078,37783,46000
AND,ECS,Andorra,HIC,43711.80078,82431,43000
KIR,EAS,Kiribati,LMC,2249.768555,114395,35723.8275
KNA,LCN,St. Kitts and Nevis,HIC,25569.35742,54288,32892.14
MNP,EAS,Northern Mariana Islands,HIC,60955.72656,54036,32761.4145
LIE,ECS,Liechtenstein,HIC,45726.98828,36545,32382
VCT,LCN,St. Vincent and the Grenadines,UMC,11971.99316,109455,31561.34925
ATG,LCN,Antigua and Barbuda,HIC,17965.50195,96777,30585
GRD,LCN,Grenada,UMC,13207.71191,105481,29536.11394
WSM,EAS,Samoa,UMC,6210.983398,187665,27399.09
FSM,EAS,"Micronesia, Fed. Sts.",LMC,3440.064209,104937,26039.57
STP,SSF,São Tomé and Príncipe,LMC,3720.786865,191266,25586.5
CUW,LCN,Curacao,HIC,27503.78906,153822,24703.8132
VGB,LCN,British Virgin Islands,HIC,24215.88281,20645,21099.19
ASM,EAS,American Samoa,UMC,11113.44238,55599,18989.49
TON,EAS,Tonga,UMC,5636.418457,104951,17238.20175
SMR,ECS,San Marino,HIC,58806.19922,33203,17174.68
GIB,ECS,Gibraltar,HIC,43711.80078,33623,16954
MAF,LCN,St. Martin (French part),HIC,30385.89453,30959,15479.5
DMA,LCN,Dominica,UMC,11708.63965,72400,13176
PLW,EAS,Palau,HIC,18275.02539,21503,9426.7455
MHL,EAS,Marshall Islands,UMC,3628.895264,52793,8614
NRU,EAS,Nauru,UMC,11167.31934,13049,6191.7505
TUV,EAS,Tuvalu,UMC,3793.127686,11097,3989.4865
SXM,LCN,Sint Maarten (Dutch part),HIC,0,37685,0
TCA,LCN,Turks and Caicos Islands,HIC,28174.48242,34900,0
